{
	"format_version": "1.9.0",
	"credit": "Made with Blockbench",
	"textures": {
		"0": "sun_blade",
		"particle": "sun_blade"
	},
	"elements": [
		{
			"from": [8, 0, 8],
			"to": [9, 5, 9],
			"rotation": {"angle": 0, "axis": "y", "origin": [7, 0, 10]},
			"faces": {
				"north": {"uv": [6, 10, 7, 15], "texture": "#0"},
				"east": {"uv": [7, 10, 8, 15], "texture": "#0"},
				"south": {"uv": [8, 10, 9, 15], "texture": "#0"},
				"west": {"uv": [11, 0, 12, 5], "texture": "#0"},
				"up": {"uv": [11, 13, 10, 12], "texture": "#0"},
				"down": {"uv": [12, 12, 11, 13], "texture": "#0"}
			}
		},
		{
			"from": [7, 5, 6],
			"to": [10, 6, 11],
			"rotation": {"angle": 0, "axis": "y", "origin": [7, 5, 8]},
			"faces": {
				"north": {"uv": [11, 11, 14, 12], "texture": "#0"},
				"east": {"uv": [11, 5, 16, 6], "texture": "#0"},
				"south": {"uv": [0, 12, 3, 13], "texture": "#0"},
				"west": {"uv": [11, 6, 16, 7], "texture": "#0"},
				"up": {"uv": [9, 5, 6, 0], "texture": "#0"},
				"down": {"uv": [9, 5, 6, 10], "texture": "#0"}
			}
		},
		{
			"from": [8, 6, 7],
			"to": [9, 18, 10],
			"rotation": {"angle": 0, "axis": "y", "origin": [7, 6, 7]},
			"faces": {
				"north": {"uv": [9, 0, 10, 12], "texture": "#0"},
				"east": {"uv": [0, 0, 3, 12], "texture": "#0"},
				"south": {"uv": [10, 0, 11, 12], "texture": "#0"},
				"west": {"uv": [3, 0, 6, 12], "texture": "#0"},
				"up": {"uv": [13, 3, 12, 0], "texture": "#0"},
				"down": {"uv": [4, 12, 3, 15], "texture": "#0"}
			}
		},
		{
			"from": [8, 17, 7],
			"to": [9, 19, 9],
			"rotation": {"angle": 0, "axis": "y", "origin": [8, 17, 7]},
			"faces": {
				"north": {"uv": [12, 3, 13, 5], "texture": "#0"},
				"east": {"uv": [11, 7, 13, 9], "texture": "#0"},
				"south": {"uv": [4, 12, 5, 14], "texture": "#0"},
				"west": {"uv": [11, 9, 13, 11], "texture": "#0"},
				"up": {"uv": [6, 14, 5, 12], "texture": "#0"},
				"down": {"uv": [10, 12, 9, 14], "texture": "#0"}
			}
		},
		{
			"from": [8, 19, 7],
			"to": [9, 20, 8],
			"rotation": {"angle": 0, "axis": "y", "origin": [8, 19, 7]},
			"faces": {
				"north": {"uv": [12, 12, 13, 13], "texture": "#0"},
				"east": {"uv": [0, 13, 1, 14], "texture": "#0"},
				"south": {"uv": [13, 0, 14, 1], "texture": "#0"},
				"west": {"uv": [1, 13, 2, 14], "texture": "#0"},
				"up": {"uv": [14, 2, 13, 1], "texture": "#0"},
				"down": {"uv": [3, 13, 2, 14], "texture": "#0"}
			}
		}
	]
}